frame,timestamp_s,detected,left_elbow_angle,left_hip_angle,left_knee_angle,left_shoulder_angle,right_elbow_angle,right_hip_angle,right_knee_angle,right_shoulder_angle
0,0.0,True,161.9,168.3,175.8,5.8,38.2,177.5,164.6,30.9
1,0.033,True,162.2,167.5,176.2,5.7,25.1,178.4,165.6,31.7
2,0.067,True,163.0,167.1,176.4,6.1,8.7,179.0,166.2,33.0
3,0.1,True,163.8,166.9,176.6,6.5,2.0,179.0,166.3,33.8
4,0.133,True,164.3,166.7,176.6,6.9,10.3,179.5,166.6,35.0
5,0.167,True,165.3,166.7,176.8,7.2,12.8,179.4,166.3,35.7
6,0.2,True,165.5,166.8,176.8,7.3,13.8,179.3,166.1,36.1
7,0.233,True,164.8,166.8,176.8,7.6,14.8,179.2,165.9,36.5
8,0.267,True,164.6,166.8,176.8,7.7,14.5,178.9,165.9,36.4
9,0.3,True,164.1,166.5,176.9,8.0,15.5,178.9,165.9,37.2
10,0.333,True,163.9,166.5,176.5,8.1,16.0,178.7,165.8,37.7
11,0.367,True,163.5,166.8,176.3,8.4,15.5,178.3,165.7,37.5
12,0.4,True,163.1,167.0,176.2,8.5,14.7,178.2,165.8,37.5
13,0.433,True,162.3,167.2,176.2,8.7,14.1,177.8,166.2,37.2
14,0.467,True,161.3,167.8,176.1,9.1,14.3,178.2,167.2,36.7
15,0.5,True,161.3,168.4,175.0,8.9,15.4,178.9,167.5,36.8
16,0.533,True,160.5,168.9,174.3,9.1,16.8,179.3,167.9,36.3
17,0.567,True,160.5,169.2,173.9,9.1,17.3,179.5,167.6,35.8
18,0.6,True,160.4,169.3,173.8,9.2,17.7,179.4,167.4,34.8
19,0.633,True,160.2,169.5,173.5,9.2,18.7,179.4,167.6,34.1
20,0.667,True,160.2,169.7,173.4,9.1,19.5,179.6,167.6,33.0
21,0.7,True,159.9,169.8,173.2,8.8,22.0,179.7,167.5,31.6
22,0.733,True,159.2,169.7,173.1,8.3,25.9,179.9,167.7,29.4
23,0.767,True,157.6,169.6,173.0,8.3,31.8,178.9,168.3,28.1
24,0.8,True,156.6,169.4,172.9,8.4,40.1,177.8,169.4,25.0
25,0.833,True,154.9,168.4,174.5,8.5,46.3,177.4,170.1,23.6
26,0.867,True,152.5,168.0,175.0,8.7,54.9,176.8,170.7,22.1
27,0.9,True,151.5,167.8,175.3,8.7,63.5,176.2,171.8,21.4
28,0.933,True,148.3,167.9,175.5,9.3,72.2,176.6,171.5,21.7
29,0.967,True,145.7,167.9,175.5,9.8,81.8,177.0,171.3,21.4
30,1.0,True,142.6,168.0,175.4,9.7,90.0,177.1,170.9,17.0
31,1.033,True,141.8,168.4,175.2,8.2,104.8,178.4,169.3,17.0
32,1.067,True,143.8,169.1,174.7,5.4,130.3,179.5,167.5,12.5
33,1.1,True,145.7,169.6,173.1,3.7,155.3,179.4,166.9,12.8
34,1.133,True,150.6,171.0,171.1,1.5,168.7,179.1,167.7,12.9
35,1.167,True,150.5,172.4,169.2,2.9,171.6,179.6,168.2,11.9
36,1.2,True,148.6,175.0,166.0,2.9,172.4,179.3,167.2,11.8
37,1.233,True,147.2,177.2,163.6,3.9,165.6,176.5,165.2,9.9
38,1.267,True,144.1,178.7,162.7,4.3,158.6,174.7,164.4,9.1
39,1.3,True,134.2,178.8,161.3,2.4,147.0,172.1,161.6,8.4
40,1.333,True,127.4,174.5,158.9,2.4,139.6,169.4,159.8,9.8
41,1.367,True,120.1,169.9,154.8,2.5,131.6,165.6,156.3,10.0
42,1.4,True,115.6,167.8,153.4,3.0,134.5,163.2,154.7,10.1
43,1.433,True,117.4,165.2,152.6,3.3,139.3,159.6,152.6,10.3
44,1.467,True,120.1,160.7,152.0,7.0,143.0,155.7,150.4,12.5
45,1.5,True,121.5,153.8,147.7,11.3,144.0,150.0,146.8,11.7
46,1.533,True,120.0,149.6,144.2,12.2,139.2,144.1,141.8,10.6
47,1.567,True,121.6,144.2,140.2,13.6,137.2,139.2,138.5,11.6
48,1.6,True,123.3,140.1,137.1,15.2,136.9,134.3,136.4,11.7
49,1.633,True,120.3,132.3,129.8,17.1,133.9,127.3,128.8,12.2
50,1.667,True,108.5,127.4,125.8,15.5,128.7,123.5,126.8,14.6
51,1.7,True,110.7,123.9,124.2,16.8,130.7,118.8,122.0,19.3
52,1.733,True,115.2,121.6,123.8,22.0,133.8,122.7,118.9,18.2
53,1.767,True,121.2,119.4,123.3,26.2,139.1,124.5,121.5,20.5
54,1.8,True,126.6,116.9,123.5,33.2,136.7,124.3,124.3,19.5
55,1.833,True,126.4,116.6,124.8,33.5,135.4,123.7,122.3,20.2
56,1.867,True,120.0,115.8,124.2,33.5,135.0,117.0,120.2,22.1
57,1.9,True,119.2,115.0,123.8,32.6,138.4,112.4,118.0,24.7
58,1.933,True,112.5,113.5,123.5,29.4,129.0,112.2,119.6,24.2
59,1.967,True,103.5,113.4,124.4,27.2,123.5,112.0,121.1,22.6
60,2.0,True,96.6,114.8,125.4,23.9,122.1,111.4,120.8,23.2
61,2.033,True,95.9,117.2,128.1,21.3,124.6,110.3,119.8,26.7
62,2.067,True,97.2,111.7,115.9,19.8,128.1,107.3,110.5,28.5
63,2.1,True,107.7,109.1,112.4,19.4,130.4,106.7,109.4,28.5
64,2.133,True,105.5,104.1,109.0,20.3,131.7,105.1,107.6,28.5
65,2.167,True,113.2,99.4,109.5,25.9,136.5,104.1,109.0,29.7
66,2.2,True,118.0,94.6,109.5,27.7,140.4,102.8,110.1,32.1
67,2.233,True,124.5,90.5,109.1,31.8,143.5,100.3,109.7,34.6
68,2.267,True,127.3,89.6,106.8,38.5,144.7,100.3,108.8,36.4
69,2.3,True,128.7,88.3,103.2,44.0,146.1,99.3,107.0,42.5
70,2.333,True,134.0,87.7,100.1,55.1,146.8,99.6,103.4,48.7
71,2.367,True,134.7,90.1,98.9,63.1,143.5,102.2,102.3,51.2
72,2.4,True,133.2,95.3,98.8,77.3,136.0,107.4,104.2,60.1
73,2.433,True,132.7,105.1,99.4,79.1,145.2,113.0,104.5,78.5
74,2.467,True,126.8,118.3,106.3,86.8,117.8,120.8,109.4,78.3
75,2.5,True,123.7,132.5,117.6,89.7,112.5,134.1,120.1,86.3
76,2.533,True,108.4,145.0,129.6,103.3,110.5,154.0,140.8,97.9
77,2.567,True,101.9,158.8,150.8,107.7,103.9,167.0,164.0,105.5
78,2.6,True,92.9,173.1,176.3,115.6,83.1,172.7,175.6,97.6
79,2.633,True,99.6,178.0,179.4,122.2,103.7,179.5,177.3,128.3
80,2.667,True,92.7,173.3,169.0,117.7,93.8,172.4,170.0,115.1
81,2.7,True,72.0,165.3,159.2,116.9,101.4,167.0,160.9,123.0
82,2.733,True,85.4,158.8,157.3,110.5,98.5,159.5,162.1,106.1
83,2.767,True,81.2,157.3,157.0,109.4,113.9,157.9,164.4,114.0
84,2.8,True,112.2,158.5,156.6,111.0,82.9,158.3,163.5,55.1
85,2.833,True,116.9,161.0,154.9,97.0,108.3,161.3,167.2,79.8
86,2.867,True,115.6,162.7,158.1,94.6,132.9,166.2,168.8,99.0
87,2.9,True,138.7,164.6,161.0,86.6,131.6,173.4,164.7,95.5
88,2.933,True,137.6,166.6,166.2,83.3,132.1,177.4,166.4,116.7
89,2.967,True,121.1,169.2,169.9,64.1,132.9,178.3,164.2,111.2
90,3.0,True,132.7,171.6,171.8,66.6,125.1,170.5,160.7,125.2
91,3.033,True,119.1,177.0,172.4,64.0,99.8,167.3,161.2,110.1
92,3.067,True,122.8,175.7,169.5,63.1,88.5,164.2,160.0,101.0
93,3.1,True,111.7,171.6,165.9,46.6,82.4,160.4,156.7,94.0
94,3.133,True,128.8,164.0,155.9,41.0,79.3,156.6,147.3,80.3
95,3.167,True,96.5,148.3,129.4,39.7,73.9,144.2,130.0,70.5
96,3.2,True,101.3,139.9,116.9,34.8,68.8,137.9,125.3,50.7
97,3.233,True,100.4,135.8,111.9,27.8,80.1,132.9,115.5,43.0
98,3.267,True,108.0,135.6,110.4,20.9,130.5,131.4,108.2,34.8
99,3.3,True,115.6,134.5,106.2,14.4,133.3,130.6,107.0,22.3
100,3.333,True,137.0,132.8,104.1,12.1,133.9,128.4,105.1,16.5
101,3.367,True,151.7,136.0,103.2,4.6,137.9,129.9,106.6,8.8
102,3.4,True,164.6,140.5,107.3,3.8,144.3,136.6,109.4,3.9
103,3.433,True,177.1,141.4,103.1,4.7,161.4,139.4,109.3,2.8
104,3.467,True,173.6,148.5,110.5,10.9,162.2,145.1,113.5,0.6
105,3.5,True,165.6,151.9,118.3,10.6,170.7,148.8,116.9,2.7
106,3.533,True,165.0,154.7,122.2,12.2,167.4,152.9,122.1,5.1
107,3.567,True,170.4,159.1,127.7,13.8,173.3,155.8,127.6,7.2
108,3.6,True,171.0,164.7,132.9,16.2,173.5,160.8,134.6,5.1
109,3.633,True,177.2,168.4,139.3,18.7,178.4,166.5,144.5,2.1
110,3.667,True,177.8,173.5,146.9,19.8,178.9,171.5,153.8,2.9
111,3.7,True,177.7,178.4,155.4,18.9,177.2,176.5,161.0,8.1
112,3.733,True,170.6,176.1,164.0,18.5,177.6,180.0,164.7,11.2
113,3.767,True,158.5,173.7,168.1,18.0,177.9,178.2,167.1,12.9
114,3.8,True,156.1,170.6,171.9,14.4,179.9,176.0,168.4,16.3
115,3.833,True,161.0,168.4,174.7,8.3,178.1,175.2,171.0,18.1
116,3.867,True,159.7,167.1,176.4,5.9,177.0,175.1,170.9,20.8
117,3.9,True,159.1,166.4,175.3,2.3,173.5,176.4,167.6,22.2
118,3.933,True,159.2,165.7,176.5,0.6,168.5,177.8,164.8,24.0
119,3.967,True,155.9,167.8,172.2,0.2,167.7,179.4,162.9,25.7
120,4.0,True,160.0,167.9,172.9,1.2,167.5,179.7,162.7,24.9
121,4.033,True,161.0,166.3,175.0,0.4,167.9,179.7,165.0,23.1
122,4.067,True,162.3,165.4,177.1,0.1,169.2,178.9,167.4,21.0
123,4.1,True,163.8,164.5,179.6,1.0,173.0,179.1,169.7,20.4
124,4.133,True,163.0,163.6,178.4,2.1,179.0,177.7,172.9,20.7
125,4.167,True,165.2,162.7,176.6,3.7,177.4,178.2,174.2,20.6
126,4.2,True,166.5,163.3,175.9,6.4,176.1,177.7,176.4,20.0
127,4.233,True,168.1,164.9,177.0,9.6,174.8,178.2,176.5,20.0
128,4.267,True,170.6,167.1,178.6,13.0,178.0,177.7,175.6,16.7
129,4.3,True,176.4,169.1,175.4,14.9,179.1,178.5,175.6,15.6
130,4.333,True,178.2,169.6,173.2,16.5,177.8,177.8,175.9,15.3
131,4.367,True,177.0,170.0,173.7,18.6,174.3,178.3,174.6,16.4
132,4.4,True,174.7,170.4,176.9,18.3,172.6,179.5,172.3,16.3
133,4.433,True,174.0,171.1,177.0,19.3,172.6,178.0,172.5,16.3
134,4.467,True,178.5,172.8,177.3,20.0,172.4,176.4,172.7,17.1
135,4.5,True,179.7,172.9,177.9,19.8,171.7,176.6,173.3,17.7
136,4.533,True,177.3,173.7,176.6,20.5,173.4,177.2,174.5,16.9
137,4.567,True,177.3,172.5,177.5,20.1,176.8,178.3,177.4,15.2
138,4.6,True,177.6,174.5,175.4,19.3,178.4,177.8,178.7,15.0
139,4.633,True,176.2,175.4,176.7,17.9,178.4,176.4,179.8,15.8
