frame,timestamp_s,detected,left_elbow_angle,right_elbow_angle,left_knee_angle,right_knee_angle,left_hip_angle,right_hip_angle,left_shoulder_angle,right_shoulder_angle,left_shoulder_x,left_shoulder_y,right_shoulder_x,right_shoulder_y,left_elbow_x,left_elbow_y,right_elbow_x,right_elbow_y,left_wrist_x,left_wrist_y,right_wrist_x,right_wrist_y,left_hip_x,left_hip_y,right_hip_x,right_hip_y,left_knee_x,left_knee_y,right_knee_x,right_knee_y,left_ankle_x,left_ankle_y,right_ankle_x,right_ankle_y
0,0.0,True,166.1,112.6,177.8,173.2,160.7,170.7,17.0,24.9,830.5288696289062,422.75073051452637,705.2133750915527,417.1021270751953,839.5375442504883,524.1299593448639,670.0682830810547,514.6108317375183,827.9506301879883,598.4108519554138,738.889331817627,577.4808669090271,789.8104476928711,615.1342535018921,722.8118133544922,615.2878475189209,806.228084564209,742.4098134040833,713.0106353759766,747.4369597434998,816.0198783874512,852.1045231819153,686.9655990600586,880.7968640327454
1,0.03453216374269006,True,165.6,111.8,176.3,173.3,159.8,170.4,16.7,25.2,831.302490234375,424.8139822483063,705.6120872497559,417.70366072654724,839.4534301757812,526.2477993965149,669.9047470092773,515.1906073093414,826.3016510009766,602.4984741210938,739.5037078857422,577.7540016174316,789.8757362365723,617.4692559242249,723.4596061706543,617.7550077438354,807.6557350158691,742.6019024848938,713.3003425598145,747.4238920211792,815.998420715332,852.083215713501,686.9611358642578,881.0251951217651
2,0.06906432748538012,True,166.2,111.2,173.7,173.2,158.0,170.3,16.4,25.9,831.3064956665039,429.88412976264954,705.6669044494629,420.48550844192505,838.1773567199707,531.8725526332855,669.1778755187988,516.9415855407715,824.8591232299805,607.6349258422852,738.2889175415039,579.1058993339539,789.4127655029297,618.3165979385376,723.6668014526367,618.377366065979,810.0667762756348,742.6152276992798,713.5025596618652,747.6961255073547,815.9785079956055,852.0928072929382,686.8100738525391,881.7976713180542
3,0.10359649122807017,True,166.1,114.5,169.0,172.1,154.0,171.3,17.0,25.5,831.2961387634277,433.4850597381592,705.66650390625,424.0453040599823,837.414722442627,536.4458692073822,668.6309051513672,522.5657916069031,822.455005645752,617.5139951705933,735.5953788757324,589.731695652008,786.2156867980957,619.1874361038208,722.4620819091797,618.5579323768616,813.2361030578613,742.1574068069458,714.0349960327148,748.3180975914001,815.8268165588379,852.0319747924805,686.5343284606934,881.9398713111877
4,0.13812865497076024,True,164.0,117.3,163.6,168.3,147.9,174.7,18.3,22.9,831.3419151306152,441.3209617137909,705.7446670532227,431.22270226478577,836.4864921569824,544.9766135215759,670.9427261352539,533.7153911590576,817.8559684753418,624.6837329864502,732.9003524780273,598.0491399765015,781.3599014282227,622.1178889274597,719.4086837768555,620.0535750389099,815.3015327453613,735.8460831642151,716.872615814209,748.9902806282043,815.7687377929688,852.4838733673096,686.4682960510254,882.7001166343689
5,0.1726608187134503,True,163.2,120.9,160.4,154.2,144.0,176.7,18.5,21.4,832.0499610900879,451.0615646839142,707.4319267272949,441.46341919898987,835.272216796875,554.0407848358154,674.9648666381836,543.0218625068665,814.0938377380371,633.2676815986633,730.3298377990723,605.8871984481812,778.7267875671387,628.6048221588135,719.2840003967285,624.3202185630798,815.1627159118652,732.7753615379333,734.0730857849121,744.0794563293457,814.4058609008789,852.6689457893372,686.8838882446289,882.975504398346
6,0.20719298245614035,True,165.7,127.5,156.7,139.5,141.1,167.6,18.1,18.7,833.7915229797363,459.9045503139496,709.0469169616699,451.49489164352417,835.0055694580078,563.5598158836365,680.5781936645508,554.3489384651184,814.8759269714355,646.3746070861816,730.1028442382812,619.9021697044373,778.480167388916,636.2356638908386,719.2431449890137,631.6391086578369,816.6042137145996,732.969446182251,750.9475135803223,744.6780610084534,812.8888320922852,852.6491189002991,686.9278907775879,883.1771206855774
7,0.2417251461988304,True,166.4,133.3,149.3,144.1,136.2,170.6,18.3,15.0,834.5068359375,466.901478767395,709.6494483947754,460.99786162376404,834.9825096130371,569.3264150619507,687.044563293457,566.8192791938782,815.4028701782227,652.1435236930847,730.5049896240234,629.7982335090637,777.9327964782715,641.1170053482056,718.6680793762207,638.7950706481934,822.6021766662598,733.4656977653503,743.6820030212402,753.1465244293213,812.358570098877,853.1740808486938,686.8846893310547,883.61163854599
8,0.2762573099415205,True,170.3,132.5,141.2,142.9,130.3,167.8,19.6,11.4,834.4999122619629,474.4714879989624,709.4887733459473,470.67434906959534,835.6585121154785,572.9941320419312,689.9186897277832,578.6047554016113,822.337818145752,656.5691041946411,737.3291015625,641.0019707679749,776.2302017211914,644.6031260490417,712.8500747680664,642.8013896942139,829.3426895141602,733.6854672431946,740.7769203186035,761.2027430534363,812.1188735961914,855.5588436126709,686.4559936523438,884.3756175041199
9,0.3107894736842105,True,173.0,126.6,135.2,142.7,126.9,168.3,22.4,9.3,834.4620323181152,480.1853656768799,709.4404220581055,479.1826272010803,839.2828559875488,571.1506175994873,693.7708854675293,584.1335606575012,833.8837623596191,649.5551490783691,749.9006080627441,640.4900765419006,776.8337631225586,643.7712979316711,711.7216873168945,644.7901296615601,837.1117973327637,734.0854811668396,739.6158027648926,770.3389477729797,812.9094314575195,857.141261100769,685.7571029663086,887.1790623664856
10,0.3453216374269006,True,168.0,115.9,128.1,143.5,124.7,169.9,24.4,6.7,833.584156036377,483.91175866127014,709.3991088867188,490.57005286216736,841.6425132751465,570.7565259933472,699.1571617126465,592.9972743988037,834.9142456054688,628.1079268455505,769.8637962341309,636.5940284729004,777.1307373046875,646.8702793121338,712.1030616760254,651.3951230049133,846.2957382202148,741.4502048492432,736.9868659973145,779.1670632362366,813.0018997192383,860.0135207176208,685.4356956481934,887.5278353691101
11,0.3798538011695906,True,142.9,111.7,121.0,142.4,123.6,170.4,29.4,3.8,828.9254951477051,490.04090666770935,711.1130905151367,497.31090545654297,846.6072463989258,567.917160987854,706.0445022583008,591.8591594696045,837.484302520752,588.1181859970093,777.4759483337402,624.8885679244995,777.883358001709,660.8539009094238,713.1484222412109,667.1197772026062,851.8663215637207,749.7399044036865,735.4974174499512,789.9911284446716,813.0083084106445,861.2417578697205,684.623851776123,888.5933375358582
12,0.4143859649122807,True,17.2,71.4,114.5,139.1,126.2,169.9,47.0,2.6,819.1945266723633,489.8063635826111,712.2863388061523,508.1283724308014,853.4634590148926,539.0814292430878,717.9605484008789,599.9372005462646,843.570499420166,507.9839837551117,791.4997100830078,570.0219655036926,779.922924041748,672.1771788597107,714.9948692321777,679.5556139945984,858.0339431762695,760.0059199333191,737.918701171875,797.8206253051758,813.2538986206055,861.3717269897461,684.2942047119141,891.1134123802185
13,0.4489181286549707,True,47.9,47.7,108.7,135.5,127.7,168.0,62.6,10.9,810.882453918457,500.8297276496887,719.6278953552246,510.7422065734863,863.6605453491211,539.8845791816711,734.9800300598145,595.740852355957,858.8612937927246,490.8816182613373,786.6911888122559,528.2597780227661,781.7857933044434,681.7298769950867,717.7155303955078,688.6785578727722,862.9775619506836,768.3453154563904,741.2941932678223,805.3623747825623,812.881908416748,862.1263718605042,683.8644790649414,893.4063148498535
14,0.4834502923976608,True,58.7,36.0,104.4,133.1,127.6,168.4,78.0,16.7,814.1214752197266,501.16639852523804,720.9146690368652,511.7940294742584,867.6619720458984,521.5180563926697,745.3225708007812,595.3202390670776,852.1780014038086,438.1626284122467,783.3935737609863,489.0612459182739,785.0961685180664,687.8217530250549,719.6608543395996,694.1364240646362,867.5176048278809,774.6320486068726,742.8878402709961,811.5314984321594,812.0154190063477,863.3221006393433,683.9920806884766,893.5175514221191
15,0.5179824561403509,True,86.8,48.3,100.7,128.9,127.0,167.6,113.5,30.1,815.5872917175293,508.25348138809204,720.4947280883789,516.4111196994781,864.7841262817383,495.3772044181824,748.2687950134277,564.5658373832703,835.1336860656738,403.3804714679718,783.5148239135742,457.94629096984863,787.2723770141602,690.3706669807434,720.2241325378418,696.8675780296326,872.5775527954102,778.2227110862732,746.4592552185059,816.9057440757751,811.8523406982422,864.420690536499,684.2532348632812,894.3128156661987
16,0.552514619883041,True,92.9,82.7,95.9,124.6,125.6,166.4,131.4,66.7,815.8773994445801,508.71078729629517,719.6871185302734,521.7548203468323,863.5370635986328,477.2516942024231,751.5176010131836,534.9894297122955,813.6138725280762,392.54127860069275,779.9691009521484,430.58019518852234,789.6233367919922,696.2975549697876,721.8820381164551,702.9354429244995,877.1534156799316,779.6897721290588,751.5888404846191,819.6034240722656,811.1543655395508,864.8996901512146,684.9509239196777,895.9942388534546
17,0.5870467836257309,True,99.1,73.4,92.5,122.1,125.0,166.2,148.0,52.8,815.4469871520996,508.769109249115,722.7805709838867,520.7385957241058,858.4538841247559,456.4426338672638,743.8704872131348,536.2026357650757,792.9687881469727,382.3137581348419,776.3334274291992,445.06805062294006,791.008186340332,697.5314569473267,725.8146858215332,703.4757900238037,881.9814491271973,780.6382441520691,756.6166877746582,820.4328060150146,811.2749862670898,865.283031463623,685.7049179077148,896.0088515281677
18,0.621578947368421,True,98.7,47.1,92.1,121.8,125.8,167.2,154.7,32.1,814.3993949890137,510.08647084236145,723.0166053771973,519.5350456237793,853.1012535095215,448.4169280529022,738.010425567627,542.1784472465515,779.6422576904297,384.88649010658264,762.3717498779297,441.67948722839355,791.9700050354004,698.309211730957,727.5046920776367,703.9311647415161,882.6755332946777,781.8409252166748,757.4212074279785,822.1801471710205,811.1555671691895,865.3499150276184,686.3107681274414,895.7134437561035
19,0.6561111111111111,True,100.0,42.2,92.9,121.1,128.2,167.5,161.8,30.9,814.5787239074707,506.0859453678131,723.9642906188965,518.407906293869,847.6773262023926,433.2984745502472,735.0493240356445,535.8742046356201,767.9671669006348,378.5742652416229,753.317928314209,429.7573149204254,793.769416809082,696.5195775032043,728.7673759460449,701.5393209457397,883.0561065673828,784.0588974952698,758.97216796875,822.5905895233154,811.2316131591797,865.201985836029,686.3064765930176,895.4417252540588
20,0.6906432748538012,True,101.7,28.1,95.5,121.5,130.0,168.7,166.1,21.8,813.0407524108887,504.9069857597351,723.5934448242188,507.7907359600067,843.5237503051758,419.87074613571167,733.4976768493652,530.3887224197388,761.9490623474121,370.0876808166504,741.646671295166,424.42726135253906,793.916187286377,693.1939387321472,729.8996543884277,698.3143615722656,881.568489074707,783.2187652587891,759.2111778259277,823.2056736946106,811.4009857177734,865.9297871589661,685.964412689209,895.6414103507996
21,0.7251754385964913,True,108.9,129.9,98.8,123.1,132.1,169.6,167.3,129.4,810.7639503479004,493.5272526741028,723.416805267334,496.06982588768005,837.3625946044922,409.3776547908783,739.2794609069824,482.10683584213257,751.830997467041,346.3025915622711,737.2507095336914,403.45495104789734,794.0983772277832,691.3221001625061,730.429744720459,696.4143919944763,878.624210357666,781.8065500259399,758.0364418029785,821.4158463478088,811.8174362182617,866.7201590538025,685.3332710266113,895.5799341201782
22,0.7597076023391812,True,112.1,175.8,103.6,125.5,136.5,171.1,168.8,170.1,807.8521728515625,475.07830023765564,723.2092666625977,479.14950728416443,831.7654037475586,386.6395926475525,735.6437873840332,388.7561774253845,747.9915618896484,323.0616796016693,738.5179710388184,343.38823199272156,793.7687301635742,679.2656135559082,730.7751274108887,684.9040460586548,877.1838569641113,780.4159641265869,756.9510269165039,819.4737124443054,811.9232368469238,867.4277472496033,684.3744277954102,895.8481764793396
23,0.7942397660818713,True,119.7,141.1,111.6,130.4,142.7,173.9,167.8,152.2,803.6018943786621,458.5139322280884,722.9924583435059,464.4049322605133,825.3139686584473,377.90311217308044,750.7644653320312,405.81802010536194,758.5147476196289,311.64892315864563,730.3835678100586,321.43558502197266,793.4121894836426,661.6339087486267,731.586799621582,667.9433012008667,872.9474258422852,777.8152298927307,753.9856338500977,816.6531443595886,811.9219207763672,868.4055089950562,682.7243614196777,898.4188485145569
24,0.8287719298245614,True,132.4,159.9,122.2,138.3,147.0,175.8,172.5,164.6,802.694206237793,446.4717364311218,722.9000473022461,452.9614055156708,819.4781684875488,353.8261878490448,743.0486869812012,366.02864027023315,758.562068939209,273.82984042167664,732.5856399536133,281.3965666294098,792.9651260375977,649.3555927276611,731.3263893127441,654.4113206863403,863.3169364929199,769.8662567138672,748.9515495300293,806.4693975448608,811.9614601135254,868.595860004425,681.9489097595215,901.6817235946655
25,0.8633040935672515,True,145.9,169.5,135.3,148.5,152.0,179.1,175.4,169.1,800.9097862243652,428.8403856754303,722.8946685791016,433.25531244277954,812.5552368164062,334.6859657764435,738.8212394714355,328.6622929573059,764.6371078491211,241.02168202400208,735.8730697631836,235.54641902446747,792.0109176635742,637.1662402153015,731.1763572692871,640.3593349456787,849.9304962158203,758.0365562438965,739.7357940673828,792.8954458236694,811.5878105163574,868.5323238372803,679.2412376403809,905.1431894302368
26,0.8978362573099414,True,147.4,177.3,149.1,160.1,158.9,176.0,171.6,172.5,797.3412322998047,414.6256971359253,722.3915863037109,415.9825837612152,814.8356437683105,314.6527934074402,732.0205879211426,306.1398160457611,776.2405014038086,222.34092235565186,736.1028099060059,203.3586072921753,791.817741394043,628.1721067428589,731.8167686462402,630.3934907913208,835.0770378112793,749.8476648330688,727.9740142822266,779.3498826026917,811.4228439331055,868.0057525634766,678.5361671447754,905.429584980011
27,0.9323684210526315,True,151.6,172.6,161.2,167.3,165.3,172.1,169.3,172.9,794.6913528442383,403.0301535129547,719.282054901123,403.8650393486023,815.7368087768555,299.34987902641296,726.4806747436523,294.64115381240845,787.7346038818359,207.12264239788055,746.0712432861328,195.69023609161377,791.7529678344727,619.9859833717346,731.9769287109375,621.77574634552,822.6066398620605,744.865837097168,720.2521705627441,768.2868647575378,811.970100402832,867.2411942481995,677.7553939819336,904.6347069740295
28,0.9669005847953216,True,159.1,171.1,168.8,173.4,168.8,169.1,169.4,169.2,794.9457550048828,386.9564366340637,717.8151512145996,387.2442162036896,813.4417533874512,294.8527479171753,730.0870513916016,287.3553514480591,797.6010131835938,200.23167192935944,759.0118217468262,185.50866186618805,791.8856048583984,610.8892393112183,732.7100944519043,611.2226915359497,814.4904899597168,733.8894009590149,715.3252029418945,751.3913941383362,812.6412963867188,864.9620676040649,677.999095916748,904.4090795516968
29,1.0014327485380117,True,161.8,169.2,174.1,175.5,172.0,168.1,166.6,164.6,790.5899620056152,377.7166557312012,716.4365386962891,370.85848331451416,810.9670257568359,290.88894724845886,734.7356986999512,279.6893298625946,802.8915023803711,199.3581622838974,771.4309501647949,189.36578035354614,791.1700630187988,603.3512878417969,732.861156463623,603.4319472312927,808.5939788818359,725.780975818634,713.9111709594727,740.9086346626282,814.0055465698242,864.3770456314087,678.1105613708496,903.8674449920654
30,1.0359649122807018,True,162.1,168.9,175.5,176.7,172.5,167.0,161.8,161.8,787.0085906982422,367.87270188331604,714.6920013427734,364.15483832359314,813.0412101745605,286.95054173469543,735.6062507629395,278.7705659866333,812.9512596130371,197.531658411026,777.9105949401855,187.29039430618286,788.5970878601074,597.899022102356,732.7731513977051,598.7546682357788,805.8292007446289,721.8314981460571,711.4945220947266,739.3258309364319,814.0276908874512,860.7699680328369,678.127613067627,897.8454780578613
31,1.0704970760233918,True,162.3,169.5,177.1,178.5,173.6,165.9,159.5,160.2,784.9527740478516,371.23075246810913,713.3002853393555,364.6395671367645,814.2857551574707,289.7944450378418,736.9696998596191,277.56247758865356,817.6984405517578,197.16767728328705,779.7094917297363,188.77523839473724,787.5164794921875,595.512843132019,732.0367240905762,597.3539113998413,803.6456680297852,725.7914042472839,708.779239654541,737.0338296890259,813.456916809082,859.8770499229431,678.317699432373,894.4109201431274
32,1.105029239766082,True,163.5,173.5,177.7,179.6,172.7,168.1,160.4,157.9,784.9591255187988,380.9726107120514,709.9336051940918,371.11037492752075,814.8190498352051,297.435200214386,737.2647857666016,289.26127552986145,820.2238655090332,199.7015118598938,778.8643455505371,199.83143270015717,784.7669219970703,596.7047095298767,724.3453788757324,598.8453054428101,801.7333030700684,729.6538496017456,704.3999862670898,735.1166081428528,813.2339859008789,861.1598753929138,679.9324607849121,893.876302242279
33,1.139561403508772,True,161.0,176.6,180.0,179.4,173.6,169.5,159.6,154.7,784.9226760864258,385.6772804260254,704.593620300293,376.19046807289124,815.8125114440918,303.70802879333496,737.1525764465332,295.1448404788971,818.6330223083496,203.82820844650269,779.7275733947754,205.05662262439728,783.8335990905762,599.1298985481262,718.0011177062988,602.6313400268555,798.0913925170898,731.6042876243591,700.9550857543945,738.4096097946167,812.0848846435547,862.506365776062,679.9032783508301,893.9053988456726
34,1.1740935672514619,True,159.9,177.4,177.1,179.3,171.6,169.8,159.8,154.3,784.5550346374512,389.62199449539185,702.5642967224121,382.3655140399933,816.2299919128418,308.7526845932007,736.9602584838867,299.48383927345276,818.3791351318359,211.62714421749115,780.6191825866699,206.28775656223297,780.2025604248047,603.0117845535278,714.8482131958008,606.0330033302307,796.6361618041992,733.0753397941589,697.8152275085449,742.825083732605,806.9135284423828,868.2610559463501,676.9343948364258,895.7799410820007
35,1.208625730994152,True,159.5,174.7,176.9,179.3,171.6,169.4,158.7,155.7,782.4589347839355,394.4823181629181,701.0058975219727,389.8674166202545,816.9779777526855,311.44280076026917,733.3947372436523,305.7420229911804,820.4121208190918,216.8023806810379,779.2075538635254,213.29352021217346,777.7705764770508,609.275472164154,713.3492660522461,609.9325275421143,794.0213012695312,738.799774646759,695.7072257995605,746.8227767944336,803.5784912109375,873.3574032783508,674.0458488464355,900.073299407959
36,1.243157894736842,True,158.4,171.4,176.7,179.7,171.1,169.9,159.2,158.8,782.2258758544922,398.82495403289795,700.9651565551758,398.0107319355011,817.4023818969727,313.59572410583496,730.0161552429199,311.22663617134094,818.8347816467285,219.79735136032104,778.3086776733398,216.9549125432968,775.9418106079102,619.6866488456726,711.2057876586914,618.9968919754028,792.2296142578125,746.8887591362,693.0915069580078,758.047821521759,801.3936996459961,876.6891574859619,673.1294631958008,904.6744251251221
37,1.277690058479532,True,159.8,171.3,176.8,178.8,170.7,170.9,159.0,158.7,781.289176940918,401.76039576530457,700.6746482849121,398.6076629161835,817.4725914001465,316.1104881763458,730.0757789611816,313.7175178527832,822.0010757446289,220.4884922504425,780.0633430480957,218.8893860578537,773.7641716003418,626.6721510887146,709.5989799499512,626.264476776123,789.843921661377,751.5308260917664,692.7807426452637,765.1736569404602,799.222412109375,880.2835536003113,672.5930213928223,907.0251989364624
38,1.3122222222222222,True,162.5,173.7,177.3,178.9,170.8,171.7,158.6,157.8,779.8517990112305,402.7043294906616,700.7279205322266,399.0617823600769,817.5238037109375,316.4495086669922,729.8535346984863,321.071652173996,827.5960350036621,221.98728919029236,779.3898582458496,222.9043471813202,771.068000793457,626.9486331939697,707.7625465393066,626.5685105323792,786.3936996459961,751.9274926185608,691.8181228637695,765.0575280189514,796.0161781311035,878.986566066742,672.4452781677246,908.3993053436279
39,1.3467543859649123,True,159.7,175.5,178.7,179.2,170.7,171.1,155.7,155.7,780.190544128418,402.7553129196167,698.6374282836914,398.3459222316742,823.3230400085449,317.9213333129883,727.7986907958984,326.5686893463135,834.4250106811523,222.4075484275818,778.5276031494141,225.4853993654251,769.8988723754883,626.3798332214355,707.3713874816895,626.3065123558044,784.5712852478027,752.1722388267517,691.157398223877,764.8691725730896,796.347713470459,878.1400609016418,672.2078132629395,908.827965259552
40,1.3812865497076023,True,159.9,177.5,178.7,180.0,170.2,170.9,155.1,154.6,780.4123878479004,402.86880254745483,697.1423721313477,398.0035865306854,824.7536087036133,318.67069959640503,727.1568489074707,327.9827070236206,837.6461791992188,222.4500024318695,776.1809349060059,226.12694084644318,769.2709350585938,625.9729957580566,705.908260345459,626.2022280693054,784.6903610229492,752.6802062988281,689.1850090026855,764.9698519706726,796.948070526123,877.7814388275146,671.8985939025879,909.218065738678
41,1.4158187134502924,True,161.2,177.2,178.4,178.7,169.7,170.9,154.5,155.4,780.468921661377,403.59602451324463,696.7891502380371,398.01443338394165,825.6925392150879,320.47996759414673,726.0195922851562,328.5553050041199,842.5404167175293,222.67168700695038,775.004711151123,226.51671946048737,768.7554931640625,625.688145160675,703.9841079711914,626.0472822189331,784.9332046508789,752.6950120925903,686.1938667297363,764.8644089698792,797.307014465332,878.2561254501343,670.8889961242676,909.4834113121033
42,1.4503508771929825,True,161.4,178.8,178.6,177.9,169.7,170.7,154.2,153.6,780.1726341247559,403.61913442611694,696.9294548034668,397.7774119377136,825.7665252685547,320.84686160087585,729.071216583252,328.30859541893005,843.4262466430664,222.8901368379593,778.6612129211426,226.91863238811493,768.2969284057617,625.524959564209,703.3351707458496,625.979175567627,784.5055389404297,753.631317615509,684.5123863220215,764.9543380737305,797.2964859008789,880.293402671814,670.3781890869141,909.3955421447754
43,1.4848830409356724,True,160.6,176.1,179.0,177.6,170.2,170.3,153.5,155.6,779.6549606323242,407.0885181427002,696.8531227111816,401.8513226509094,827.7143669128418,322.2623920440674,727.7976608276367,328.1933033466339,845.2597045898438,224.0269160270691,778.5551261901855,227.19001293182373,767.9607009887695,629.3423438072205,703.2351493835449,628.9839792251587,782.7800559997559,754.0351295471191,683.6423492431641,767.4178290367126,795.4501533508301,879.8402166366577,669.3804359436035,911.336452960968
44,1.5194152046783624,True,160.4,172.6,179.4,177.6,170.6,170.3,154.0,158.1,779.5927619934082,412.1537733078003,697.0341682434082,407.11777567863464,827.8723526000977,325.42906165122986,725.8330535888672,329.3053472042084,844.475040435791,226.4759874343872,777.8268814086914,230.19335210323334,767.6601219177246,630.3751444816589,703.1938934326172,629.4995427131653,781.3873672485352,755.8180689811707,683.408374786377,768.1149244308472,793.5505485534668,879.5844626426697,668.8003349304199,912.6637601852417
45,1.5539473684210525,True,158.1,172.7,179.1,177.7,170.7,170.1,152.6,157.1,779.6539306640625,415.0638198852539,697.1102714538574,409.1803514957428,827.9380989074707,333.76285672187805,725.8752822875977,335.41730761528015,843.178539276123,234.90500628948212,778.1718635559082,239.55140233039856,767.0729827880859,633.2372331619263,703.2169532775879,632.2711229324341,780.1617622375488,757.0245480537415,683.2133674621582,769.5828866958618,791.0552215576172,879.3834900856018,668.1538009643555,913.0080914497375
46,1.5884795321637426,True,156.7,174.3,179.4,178.2,171.1,170.1,151.8,154.8,780.0458908081055,416.3780915737152,697.422924041748,409.61097478866577,827.8531837463379,338.7896168231964,729.2879104614258,336.77152276039124,842.2172355651855,240.38063943386078,780.4975318908691,245.72467803955078,766.9168853759766,632.9314613342285,703.3656692504883,631.9433355331421,778.8704681396484,758.8129591941833,683.155345916748,769.3936944007874,789.404468536377,883.8724136352539,666.6479301452637,912.7730655670166
47,1.6230116959064327,True,156.9,176.4,178.2,178.7,171.4,170.5,153.6,153.6,782.680778503418,415.7633936405182,698.3358764648438,409.1404402256012,828.6275482177734,338.61436128616333,731.5533828735352,338.24650168418884,841.6207122802734,242.74119794368744,780.8547592163086,248.215012550354,765.9876251220703,634.1440558433533,703.3926200866699,632.3320198059082,775.4529762268066,760.8275127410889,683.5653305053711,769.4296789169312,788.5131454467773,883.4278535842896,666.2154579162598,912.8886795043945
48,1.6575438596491228,True,157.0,176.2,177.4,178.7,171.8,170.6,153.3,154.4,782.8516960144043,415.46936988830566,699.6857643127441,409.70492720603943,829.0732383728027,339.1343665122986,732.2420310974121,338.6376965045929,842.3555946350098,246.81008756160736,781.8423843383789,246.82914197444916,765.3598594665527,636.3722634315491,703.4891510009766,635.1823925971985,773.4805870056152,762.893500328064,683.2533073425293,771.4426875114441,786.8062591552734,883.972384929657,665.6153297424316,913.0704689025879
49,1.6920760233918128,True,157.7,179.1,176.2,178.8,172.5,170.4,153.1,152.7,782.6519966125488,418.32199573516846,699.1711235046387,412.9027855396271,829.0299224853516,342.539666891098,730.14404296875,349.73602294921875,844.4300079345703,247.28015542030334,780.6653022766113,250.47339498996735,765.1776695251465,636.9188547134399,703.5744094848633,635.9379386901855,771.5862464904785,764.1192269325256,683.481616973877,771.2130045890808,785.625057220459,883.9738655090332,665.3296852111816,913.3576369285583
50,1.726608187134503,True,157.9,178.2,176.1,179.0,172.4,170.6,153.1,153.3,782.6483917236328,418.15147161483765,699.3740272521973,412.52832770347595,829.010066986084,342.7427315711975,729.5989036560059,349.4073987007141,844.9568939208984,247.66827642917633,780.1748657226562,251.63017809391022,764.6151351928711,636.9668126106262,703.568172454834,635.6653189659119,771.0478591918945,763.9222455024719,683.6511611938477,771.048789024353,785.3945732116699,884.2641234397888,665.1331901550293,913.320107460022
51,1.761140350877193,True,158.8,175.9,176.3,179.1,172.4,170.5,153.5,155.2,782.6487350463867,419.22173738479614,699.5657730102539,416.6519343852997,828.5074996948242,343.72100830078125,726.7777633666992,354.82670545578003,845.4150581359863,248.31665754318237,778.1421089172363,257.66482651233673,764.4662475585938,639.1326427459717,703.5860824584961,637.4826979637146,770.8419799804688,764.3375158309937,683.6306762695312,771.6728854179382,784.8366737365723,884.5031404495239,664.7927856445312,913.4621143341064
52,1.7956725146198829,True,158.7,178.5,176.4,179.4,172.4,170.6,153.1,154.0,782.9286575317383,419.4522249698639,700.1901626586914,417.1430039405823,828.4951400756836,345.60997009277344,726.566104888916,360.7669508457184,845.9380531311035,250.3089541196823,776.8826293945312,260.22988200187683,764.5305061340332,639.2049980163574,703.8032341003418,637.6791644096375,770.67626953125,764.7702312469482,683.6510467529297,772.9700016975403,784.1185569763184,884.4019460678101,664.1897392272949,913.9075112342834
53,1.830204678362573,True,158.6,177.2,176.6,179.4,172.3,170.6,153.0,155.2,782.9394149780273,420.1261782646179,700.2036666870117,417.91818380355835,828.3996391296387,346.77273988723755,726.1688232421875,359.2455267906189,845.6913185119629,252.38678634166718,777.0046806335449,258.2433146238327,764.578742980957,639.1224074363708,703.8237762451172,637.5029110908508,770.9720993041992,765.3466272354126,683.5444450378418,773.2249188423157,784.0621948242188,884.697675704956,663.8590049743652,914.4114875793457
