video,camera,label,path,detection_rate,shooting_arm,last_frame,release_wrist,release_elbow,release_auto,release_frame,release_source,elbow_rel,shoulder_rel,knee_rel,hip_rel,elbow_min,elbow_max,elbow_mean,elbow_range,shoulder_min,shoulder_max,shoulder_mean,shoulder_range,knee_min,knee_max,knee_mean,knee_range,hip_min,hip_max,hip_mean,hip_range
IMG_3520.mov,handheld,brazo,videos/handheld/brazo/IMG_3520.mov,100.0,right,38,22,20,22,24,manual,174.3,176.9,160.8,173.4,49.2,178.84,144.61153846153846,129.64,5.0,176.9,96.55897435897435,171.9,126.4,179.3,158.25256410256412,52.900000000000006,168.7,178.6,172.76025641025643,9.900000000000006
IMG_3521.mov,handheld,brazo,videos/handheld/brazo/IMG_3521.mov,100.0,right,47,33,31,33,34,manual,172.3,177.2,157.0,177.2,47.2,173.8,124.88437499999999,126.60000000000001,9.4,177.39499999999998,83.765625,167.99499999999998,127.855,178.76500000000001,159.15416666666667,50.91000000000001,169.8,177.45999999999998,173.33333333333334,7.659999999999968
IMG_3522.mov,handheld,brazo,videos/handheld/brazo/IMG_3522.mov,100.0,right,42,24,24,24,26,manual,169.3,173.4,169.7,168.3,28.220000000000002,169.3,136.02674418604653,141.08,8.4,173.4,106.10697674418603,165.0,126.71000000000001,178.7,159.8872093023256,51.98999999999998,164.91,178.88,171.66395348837213,13.969999999999999
IMG_3523.mov,handheld,brazo,videos/handheld/brazo/IMG_3523.mov,100.0,right,36,24,28,24,24,wrist,164.8,168.5,154.1,175.5,81.1,174.8,142.8878378378378,93.70000000000002,5.3,168.5,98.01891891891894,163.2,120.0,179.0,156.6986486486486,59.0,164.5,175.58,169.9135135135135,11.080000000000013
IMG_3524.mov,handheld,brazo,videos/handheld/brazo/IMG_3524.mov,100.0,right,40,25,29,25,25,wrist,172.7,172.7,164.8,175.6,5.3,174.9,107.82682926829267,169.6,5.8,172.7,84.67926829268292,166.89999999999998,129.7,179.7,165.00243902439024,50.0,166.4,177.8,171.36341463414635,11.400000000000006
IMG_3509.mov,handheld,bueno,videos/handheld/bueno/IMG_3509.mov,100.0,right,52,36,39,36,36,wrist,170.6,165.5,156.3,176.5,43.9,178.0,125.29528301886795,134.1,6.42,166.26,67.76603773584905,159.84,120.72,179.0,155.19811320754712,58.28,159.4,175.35999999999999,166.93773584905662,15.95999999999998
IMG_3510.mov,handheld,bueno,videos/handheld/bueno/IMG_3510.mov,100.0,right,47,32,34,32,32,wrist,166.9,164.2,155.3,176.5,43.785,176.915,123.02916666666665,133.13,9.235,162.94,70.36666666666667,153.70499999999998,116.88,179.8,156.978125,62.920000000000016,162.64000000000001,175.975,168.7125,13.33499999999998
IMG_3511.mov,handheld,bueno,videos/handheld/bueno/IMG_3511.mov,100.0,right,53,24,40,24,24,wrist,169.5,169.1,138.3,175.8,47.88,177.375,139.57407407407405,129.495,8.39,169.135,104.40462962962965,160.745,121.99499999999999,179.3,160.21759259259258,57.30500000000002,167.395,174.565,170.15833333333336,7.1699999999999875
IMG_3512.mov,handheld,bueno,videos/handheld/bueno/IMG_3512.mov,100.0,right,61,28,38,28,28,wrist,171.7,167.1,164.3,173.6,50.535,179.195,143.40564516129035,128.66,5.925000000000001,164.45,101.30806451612905,158.52499999999998,125.33,179.8,163.21774193548384,54.47000000000001,163.54500000000002,174.4,168.3435483870968,10.85499999999999
IMG_3513.mov,handheld,bueno,videos/handheld/bueno/IMG_3513.mov,100.0,right,30,20,19,20,21,manual,175.3,171.0,167.1,174.5,42.9,175.3,121.00161290322579,132.4,2.3499999999999996,171.0,84.58870967741936,168.65,126.7,179.075,151.0225806451613,52.374999999999986,168.45,176.6,170.80645161290323,8.150000000000006
IMG_3514.mov,handheld,codo,videos/handheld/codo/IMG_3514.mov,100.0,right,42,26,35,26,26,wrist,153.9,171.7,145.3,176.5,27.96,176.79000000000002,130.72441860465116,148.83,15.45,171.8,99.46627906976745,156.35000000000002,122.38,179.42,157.07441860465116,57.03999999999999,165.65,176.47,170.6953488372093,10.819999999999993
IMG_3515.mov,handheld,codo,videos/handheld/codo/IMG_3515.mov,100.0,right,40,22,31,22,22,wrist,151.1,179.5,133.6,177.1,53.0,177.8,139.99512195121952,124.80000000000001,9.3,179.5,105.40487804878047,170.2,126.6,178.1,158.8878048780488,51.5,166.5,178.2,172.63658536585368,11.699999999999989
IMG_3516.mov,handheld,codo,videos/handheld/codo/IMG_3516.mov,100.0,right,41,23,27,23,23,wrist,163.4,175.1,144.1,176.8,44.02,176.5,138.64166666666668,132.48,12.545,175.0,103.73690476190475,162.455,125.695,179.385,161.56309523809523,53.69,166.62,177.75,171.60119047619048,11.129999999999995
IMG_3517.mov,handheld,codo,videos/handheld/codo/IMG_3517.mov,100.0,right,43,30,42,30,30,wrist,149.5,173.9,159.5,176.9,48.745,176.60000000000002,125.78295454545452,127.85500000000002,9.935,174.92,94.08181818181819,164.98499999999999,119.365,179.21,158.0909090909091,59.84500000000001,162.5,176.675,169.68181818181822,14.175000000000011
IMG_3538.mov,piso,brazo,videos/piso/brazo/IMG_3538.mov,100.0,right,42,28,29,28,28,wrist,164.2,178.9,157.4,175.7,90.13,171.63,143.43720930232558,81.5,6.19,178.87,111.24534883720929,172.68,134.99,178.88,163.46627906976744,43.889999999999986,162.79,177.57999999999998,170.87906976744188,14.789999999999992
IMG_3540.mov,piso,brazo,videos/piso/brazo/IMG_3540.mov,100.0,right,35,19,20,19,19,wrist,167.5,170.9,162.3,175.3,67.7,169.6,133.28055555555554,101.89999999999999,9.0,170.9,125.3638888888889,161.9,133.0,179.6,161.9083333333333,46.599999999999994,157.2,177.2,169.9055555555556,20.0
IMG_3541.mov,piso,brazo,videos/piso/brazo/IMG_3541.mov,100.0,right,43,25,29,25,25,wrist,171.9,178.1,160.8,173.2,97.1,176.875,146.46818181818182,79.775,14.135,178.88,117.69204545454544,164.745,130.065,179.0,163.57954545454547,48.935,161.6,175.85999999999999,168.94204545454548,14.259999999999991
IMG_3542.mov,piso,brazo,videos/piso/brazo/IMG_3542.mov,100.0,right,36,25,24,25,26,manual,171.2,173.1,168.6,172.2,45.9,171.2,133.9648648648649,125.29999999999998,5.7,173.3,104.85675675675677,167.60000000000002,119.9,179.23999999999998,156.79999999999998,59.339999999999975,160.9,177.8,169.46351351351353,16.900000000000006
IMG_3543.mov,piso,brazo,videos/piso/brazo/IMG_3543.mov,100.0,right,41,27,26,27,27,wrist,173.5,176.4,161.9,175.3,76.6,173.47,130.18452380952382,96.87,13.355,176.37,101.65238095238097,163.01500000000001,130.21,176.5,163.15000000000003,46.28999999999999,160.85500000000002,177.62499999999997,170.50357142857143,16.769999999999953
IMG_3526.mov,piso,bueno,videos/piso/bueno/IMG_3526.mov,100.0,right,43,30,31,30,30,wrist,158.2,165.3,161.4,175.4,80.07000000000001,170.64,131.84545454545454,90.56999999999998,6.140000000000001,169.78,86.375,163.64,121.64,179.6,157.6068181818182,57.959999999999994,150.265,177.925,166.7022727272727,27.660000000000025
IMG_3527.mov,piso,bueno,videos/piso/bueno/IMG_3527.mov,100.0,right,34,23,23,23,23,wrist,175.2,169.1,158.0,174.2,84.61,175.2,134.64142857142858,90.58999999999999,5.8,169.1,95.78142857142855,163.29999999999998,122.61,179.24499999999998,154.16714285714284,56.63499999999998,148.5,174.2,162.69142857142856,25.69999999999999
IMG_3528.mov,piso,bueno,videos/piso/bueno/IMG_3528.mov,100.0,right,44,29,28,29,29,wrist,170.5,172.0,168.7,174.5,74.8,170.14,131.26,95.33999999999999,5.94,172.0,96.62222222222222,166.06,118.5,179.2,158.9677777777778,60.69999999999999,146.6,178.5,165.85777777777776,31.900000000000006
IMG_3529.mov,piso,bueno,videos/piso/bueno/IMG_3529.mov,100.0,right,48,34,34,34,34,wrist,172.2,173.5,156.6,174.5,103.18,170.55999999999997,133.0704081632653,67.37999999999997,7.36,173.22,85.92448979591838,165.85999999999999,118.68,179.48,158.93061224489796,60.79999999999998,151.56,177.38,167.43775510204082,25.819999999999993
IMG_3530.mov,piso,bueno,videos/piso/bueno/IMG_3530.mov,100.0,right,43,29,30,29,29,wrist,161.6,164.7,163.2,172.6,97.4,172.65500000000003,134.57954545454547,75.25500000000002,8.09,170.07500000000002,92.62954545454546,161.985,130.59,178.5,162.04204545454544,47.91,159.075,179.13500000000002,170.81931818181818,20.06000000000003
IMG_3532.mov,piso,codo,videos/piso/codo/IMG_3532.mov,100.0,right,45,32,34,32,32,wrist,152.9,175.0,152.5,173.9,85.775,175.075,130.00652173913045,89.29999999999998,13.0,174.95,86.00217391304349,161.95,123.7,178.775,160.19891304347829,55.075,154.5,177.54999999999998,168.51521739130436,23.049999999999983
IMG_3533.mov,piso,codo,videos/piso/codo/IMG_3533.mov,100.0,right,52,39,50,39,39,wrist,149.6,165.7,163.6,174.7,69.02000000000001,166.94,123.5867924528302,97.91999999999999,21.560000000000002,172.22,89.16981132075472,150.66,127.7,179.07999999999998,164.9820754716981,51.37999999999998,162.4,178.8,172.20283018867926,16.400000000000006
IMG_3534.mov,piso,codo,videos/piso/codo/IMG_3534.mov,100.0,right,32,20,25,20,20,wrist,168.2,175.7,155.8,176.5,79.4,173.9,141.42727272727274,94.5,5.6,175.7,107.67575757575757,170.1,126.9,176.0,157.11060606060605,49.099999999999994,157.1,178.54,168.91363636363636,21.439999999999998
IMG_3535.mov,piso,codo,videos/piso/codo/IMG_3535.mov,100.0,right,40,29,31,29,29,wrist,151.9,173.3,162.1,174.5,91.0,168.5,128.84878048780487,77.5,8.4,173.8,95.5658536585366,165.4,126.4,178.2,162.27682926829266,51.79999999999998,157.9,177.2,170.29634146341462,19.299999999999983
IMG_3536.mov,piso,codo,videos/piso/codo/IMG_3536.mov,100.0,right,41,28,34,28,28,wrist,140.9,178.2,140.2,175.9,105.13,171.975,134.57142857142858,66.845,10.770000000000001,178.2,97.43333333333334,167.42999999999998,126.735,179.37,162.5011904761905,52.635000000000005,165.905,178.36,171.57261904761904,12.455000000000013
IMG_3504.mov,tripode,brazo,videos/tripode/brazo/IMG_3504.mov,100.0,right,40,28,29,28,28,wrist,167.8,175.7,168.5,176.7,47.7,171.8,120.9048780487805,124.10000000000001,9.1,175.7,106.66219512195121,166.6,135.8,179.5,163.60609756097563,43.69999999999999,166.4,176.7,171.70731707317074,10.299999999999983
IMG_3505.mov,tripode,brazo,videos/tripode/brazo/IMG_3505.mov,100.0,right,42,30,29,30,30,wrist,168.1,176.7,169.2,171.1,29.42,168.01,116.9186046511628,138.58999999999997,7.42,176.39999999999998,95.20232558139534,168.98,127.36,177.57999999999998,161.07906976744187,50.219999999999985,164.8,176.06,170.1302325581395,11.259999999999991
IMG_3506.mov,tripode,brazo,videos/tripode/brazo/IMG_3506.mov,100.0,right,45,28,25,28,30,manual,170.6,176.3,173.9,171.9,32.1,175.52499999999998,144.5782608695652,143.42499999999998,7.9,179.3,115.8021739130435,171.4,138.15,179.4,166.220652173913,41.25,170.225,176.8,173.1717391304348,6.575000000000017
IMG_3507.mov,tripode,brazo,videos/tripode/brazo/IMG_3507.mov,100.0,right,42,20,23,20,20,wrist,170.5,175.3,158.4,174.3,41.58,174.6,139.39883720930234,133.01999999999998,11.65,175.3,114.14302325581394,163.65,126.19999999999999,177.8,161.21162790697673,51.60000000000002,166.81,175.74,171.75813953488372,8.930000000000007
IMG_3508.mov,tripode,brazo,videos/tripode/brazo/IMG_3508.mov,100.0,right,38,25,34,25,25,manual,168.4,178.9,169.9,172.1,35.8,171.415,135.58333333333334,135.615,5.2,179.5,121.42051282051278,174.3,131.2,177.5,161.1641025641026,46.30000000000001,167.8,178.0,171.83589743589744,10.199999999999989
IMG_3492.mov,tripode,bueno,videos/tripode/bueno/IMG_3492.mov,100.0,right,29,19,19,19,19,manual,175.4,169.2,167.2,172.4,63.5,175.4,128.7733333333333,111.9,9.5,168.165,99.39499999999998,158.665,128.67000000000002,179.5275,155.685,50.85749999999999,166.6,176.9525,170.89666666666668,10.352499999999992
IMG_3493.mov,tripode,bueno,videos/tripode/bueno/IMG_3493.mov,100.0,right,42,23,22,23,24,manual,171.0,171.7,172.8,171.6,20.89,177.3,131.8860465116279,156.41000000000003,10.170000000000002,171.7,96.93953488372092,161.52999999999997,124.83,178.76000000000002,160.38372093023256,53.93000000000002,156.97,176.39000000000001,168.23720930232557,19.420000000000016
IMG_3494.mov,tripode,bueno,videos/tripode/bueno/IMG_3494.mov,100.0,right,38,21,18,21,20,manual,176.6,176.0,161.5,174.2,38.0,175.52,133.82564102564103,137.52,11.5,176.0,104.43717948717949,164.5,126.3,178.70999999999998,161.79102564102564,52.40999999999998,158.8,178.2,169.67435897435897,19.399999999999977
IMG_3495.mov,tripode,bueno,videos/tripode/bueno/IMG_3495.mov,100.0,right,29,25,23,25,26,manual,173.5,177.0,168.9,176.0,30.6,173.72,110.58666666666666,143.12,8.5,177.0,61.86833333333333,168.5,123.3,176.71,153.23333333333332,53.41000000000001,158.2,176.7,168.35833333333332,18.5
IMG_3496.mov,tripode,bueno,videos/tripode/bueno/IMG_3496.mov,100.0,right,29,27,29,27,27,manual,169.4,170.0,170.8,175.5,47.8,171.765,106.19499999999998,123.96499999999999,6.6,170.495,57.379999999999995,163.895,116.4,177.9,152.47666666666666,61.5,152.3,175.5,166.46166666666667,23.19999999999999
IMG_3498.mov,tripode,codo,videos/tripode/codo/IMG_3498.mov,100.0,right,34,20,26,20,20,wrist,154.8,174.1,160.2,175.2,59.5,176.02,131.98857142857142,116.52000000000001,14.5,174.1,110.97571428571429,159.6,121.9,176.03,156.6928571428572,54.129999999999995,158.9,177.5,170.03142857142856,18.599999999999994
IMG_3499.mov,tripode,codo,videos/tripode/codo/IMG_3499.mov,100.0,right,35,22,28,22,22,wrist,135.2,173.6,143.0,174.7,70.3,179.3,134.23611111111114,109.00000000000001,11.85,175.0,104.29166666666666,163.15,120.7,177.1,156.6888888888889,56.39999999999999,158.2,177.7,170.44305555555556,19.5
IMG_3500.mov,tripode,codo,videos/tripode/codo/IMG_3500.mov,100.0,right,38,26,35,26,27,manual,152.2,173.3,157.2,176.1,86.2,178.4,129.35641025641021,92.2,15.9,174.4,100.01923076923079,158.5,118.5,179.2,158.04871794871795,60.69999999999999,154.7,177.2,170.05641025641032,22.5
IMG_3501.mov,tripode,codo,videos/tripode/codo/IMG_3501.mov,100.0,right,40,27,35,27,28,manual,154.5,174.7,162.8,176.7,84.4,175.9,131.78780487804877,91.5,14.7,177.4,100.74146341463414,162.70000000000002,120.2,178.2,158.10000000000002,57.999999999999986,158.3,177.4,169.2231707317073,19.099999999999994
IMG_3502.mov,tripode,codo,videos/tripode/codo/IMG_3502.mov,100.0,right,40,28,40,28,30,manual,156.9,170.9,177.1,170.9,63.1,169.3,122.33536585365852,106.20000000000002,7.6,174.5,96.49756097560974,166.9,120.9,179.6,160.12926829268292,58.69999999999999,156.2,176.8,168.99512195121952,20.600000000000023
