video,label,has_pause,gap_frames,start_frame,set_frame,release_frame,prep_frame,peak_frame,tilt_set,flare_set,flare_pre_max,flare_pre_mean,flare_lift_max,flare_lift_mean,flare_prep_max,flare_prep_mean,elbow_vs_wrist_set,elbow_vs_wrist_pre_max,elbow_vs_wrist_pre_mean,elbow_vs_wrist_lift_max,elbow_vs_wrist_lift_mean,elbow_vs_wrist_prep_max,elbow_vs_wrist_prep_mean,abduction_set,abduction_pre_max,abduction_pre_mean,abduction_lift_max,abduction_lift_mean,abduction_prep_max,abduction_prep_mean,detection_rate
42242067-8455-4e73-8727-fce7f0ba6168.mov,bueno,True,6,11,20,26,17,24,3.405547056886449,0.2165574422646092,0.2165574422646092,0.13162941272067966,0.2902836643964342,0.1798888139456278,0.1545911637408884,0.1140625509641473,0.054579299109355016,0.4051263184447163,0.23794079847973193,0.4051263184447163,0.18972081724379625,0.4051263184447163,0.3175056584891866,138.0,138.0,32.87,166.6,77.79374999999999,26.1,15.457142857142856,100.0
a3a900a2-42c3-4fb4-9530-ee7cdf93f82f.mov,bueno,True,3,19,28,31,25,29,13.09572602649199,0.336007940180996,0.35847723982060453,0.1824206400098137,0.36110352159666037,0.2193323448139692,0.20490573823052174,0.12977910397351544,0.18040306827031766,0.2562994518821686,0.11625190744633593,0.2562994518821686,0.1363288872837721,0.2562994518821686,0.11527228920909086,131.7,131.7,48.529999999999994,149.7,69.48461538461538,65.6,22.714285714285715,100.0
afe3b83d-19a2-458b-8ec4-9da57d11d41b.mov,bueno,True,6,6,14,20,12,17,0.4882207438393556,0.24879567950491435,0.24879567950491435,0.11395214069458409,0.394102594248181,0.2196397085983825,0.17834699538983784,0.08181224657239532,0.006694866285279756,0.28277130042599635,0.14897970244482875,0.28277130042599635,0.12827254406086241,0.28277130042599635,0.21175085754880613,83.0,83.0,30.833333333333332,159.4,76.46000000000001,34.3,16.04285714285714,93.02325581395348
b4735dea-abd8-4d65-88f1-1c8ee163e59e.mov,bueno,True,6,7,15,21,13,19,3.159071957650664,0.08839554922163974,0.12344527709139753,0.08243047499086681,0.2811543865008026,0.13817749776385638,0.12344527709139753,0.08403013712208553,0.05227773164448391,0.2667685532542875,0.1518142746638103,0.2667685532542875,0.15316237829323567,0.2667685532542875,0.18299142277149533,158.9,158.9,40.6888888888889,171.0,87.6,28.5,15.3,100.0
b6c44d99-f535-4aa6-a1a4-f64e02b43a76.mov,bueno,True,4,6,15,19,12,18,-1.2254658355048775,0.1958481472603174,0.1958481472603174,0.07648069037736185,0.265767022873797,0.12294001553637533,0.0819278081275786,0.038460565185184536,-0.016764865444543992,0.3501131704116783,0.14917813300362157,0.3501131704116783,0.12906278894141857,0.3501131704116783,0.23498423833014676,142.6,142.6,32.47,153.7,66.19285714285715,13.6,10.771428571428572,100.0
2a22ac35-6c76-4db6-9b16-f871c1630510.mov,codo,True,3,3,12,15,9,11,32.53549281736357,0.4701739197710711,0.4711199555774469,0.21681612922496557,0.4711199555774469,0.2640687419539308,0.2727697401731287,0.1084826897972098,0.42110932981295496,0.42110932981295496,0.13833961901982442,0.48036681901825773,0.20673210168882966,0.33711976166948876,0.030885648726356272,137.0,137.0,57.99000000000001,157.4,78.9923076923077,97.8,29.885714285714283,100.0
2e429e85-89bc-4991-8d85-da4e3dab8851.mov,codo,False,0,17,29,29,23,25,9.531789675882665,0.12426650504524314,0.4064494962270247,0.3386218241708152,0.4064494962270247,0.3386218241708152,0.403690578456098,0.346351657543858,0.15826110041148347,0.4043036712940817,0.3435866740156636,0.4043036712940817,0.3435866740156636,0.38483196297400113,0.3458081172547208,175.3,175.3,90.22307692307692,175.3,90.22307692307692,73.6,40.60000000000001,100.0
840e904e-edee-4354-947c-214cd59b6d23.mov,codo,False,0,14,26,26,20,19,20.861924657972803,0.30744242523867005,0.3902138805638647,0.34298775267387344,0.3902138805638647,0.34298775267387344,0.3902138805638647,0.3284987852476318,0.33423449074821543,0.39093010990989446,0.3074148779561295,0.39093010990989446,0.3074148779561295,0.3849713165802184,0.2706631257763862,162.9,162.9,92.76153846153846,162.9,92.76153846153846,78.7,47.37142857142857,100.0
9e939045-0af7-40cb-9f9e-bf1da24d2dc4.mov,codo,True,3,16,25,28,22,27,25.212076512039904,0.4872191608082661,0.4872191608082661,0.3884118079996502,0.49912384016546496,0.401779308912309,0.4129956939889195,0.3534663537783823,0.31986619370214925,0.37769967677676203,0.26247925992477517,0.37769967677676203,0.27441591185809916,0.37769967677676203,0.2523082775064152,128.0,128.0,69.46000000000001,153.8,85.4,102.7,45.74285714285714,100.0
a5f94a74-d7d4-4a8c-9726-04a01e0c9f5d.mov,codo,False,0,11,24,24,17,19,14.755992978926841,0.17590797731642802,0.6364166983885293,0.5057267374168778,0.6364166983885293,0.5057267374168778,0.529928845421801,0.5086068733956048,0.2564366099577389,0.48265838970064323,0.3613444352880976,0.48265838970064323,0.3613444352880976,0.4647975169101908,0.32877891046905067,168.8,168.8,98.80714285714286,168.8,98.80714285714286,100.6,59.38571428571429,100.0
